{
    "recipe_ids": [
        255457,
        65780,
        443201,
        452606,
        199023,
        265084,
        39245,
        196019,
        178265,
        392479
    ],
    "similarities": [
        0.9481526720018267,
        0.9287225276707078,
        0.9267333464839799,
        0.9242007719505592,
        0.9212899519377284,
        0.9180616752799706,
        0.9101382887446433,
        0.9084738485129622,
        0.9080105580508094,
        0.8990814233729287
    ]
}