{
    "recipe_ids": [
        62573,
        404903,
        90980,
        347340,
        370405
    ],
    "similarities": [
        0.9350647701821445,
        0.9328028093226077,
        0.9174746666233239,
        0.9145420902597654,
        0.9081403740475452
    ]
}