{
    "recipe_ids": [
        62573,
        404903,
        90980,
        347340,
        370405
    ],
    "similarities": [
        0.9350651560339903,
        0.9328031940414061,
        0.9174741869034573,
        0.9145434824773343,
        0.9081423170261417
    ]
}